period,value_bcf,units,series,description
2016-04-08,2477,BCF,NW2_EPG0_SWO_R48_BCF,Weekly Lower 48 States Natural Gas Working Underground Storage (Billion Cubic Feet)
2016-04-15,2484,BCF,NW2_EPG0_SWO_R48_BCF,Weekly Lower 48 States Natural Gas Working Underground Storage (Billion Cubic Feet)
2016-04-22,2557,BCF,NW2_EPG0_SWO_R48_BCF,Weekly Lower 48 States Natural Gas Working Underground Storage (Billion Cubic Feet)
2016-04-29,2625,BCF,NW2_EPG0_SWO_R48_BCF,Weekly Lower 48 States Natural Gas Working Underground Storage (Billion Cubic Feet)
2016-05-06,2681,BCF,NW2_EPG0_SWO_R48_BCF,Weekly Lower 48 States Natural Gas Working Underground Storage (Billion Cubic Feet)
2016-05-13,2754,BCF,NW2_EPG0_SWO_R48_BCF,Weekly Lower 48 States Natural Gas Working Underground Storage (Billion Cubic Feet)
2016-05-20,2825,BCF,NW2_EPG0_SWO_R48_BCF,Weekly Lower 48 States Natural Gas Working Underground Storage (Billion Cubic Feet)
2016-05-27,2907,BCF,NW2_EPG0_SWO_R48_BCF,Weekly Lower 48 States Natural Gas Working Underground Storage (Billion Cubic Feet)
2016-06-03,2972,BCF,NW2_EPG0_SWO_R48_BCF,Weekly Lower 48 States Natural Gas Working Underground Storage (Billion Cubic Feet)
2016-06-10,3041,BCF,NW2_EPG0_SWO_R48_BCF,Weekly Lower 48 States Natural Gas Working Underground Storage (Billion Cubic Feet)
2016-06-17,3103,BCF,NW2_EPG0_SWO_R48_BCF,Weekly Lower 48 States Natural Gas Working Underground Storage (Billion Cubic Feet)
2016-06-24,3140,BCF,NW2_EPG0_SWO_R48_BCF,Weekly Lower 48 States Natural Gas Working Underground Storage (Billion Cubic Feet)
2016-07-01,3179,BCF,NW2_EPG0_SWO_R48_BCF,Weekly Lower 48 States Natural Gas Working Underground Storage (Billion Cubic Feet)
2016-07-08,3243,BCF,NW2_EPG0_SWO_R48_BCF,Weekly Lower 48 States Natural Gas Working Underground Storage (Billion Cubic Feet)
2016-07-15,3277,BCF,NW2_EPG0_SWO_R48_BCF,Weekly Lower 48 States Natural Gas Working Underground Storage (Billion Cubic Feet)
2016-07-22,3294,BCF,NW2_EPG0_SWO_R48_BCF,Weekly Lower 48 States Natural Gas Working Underground Storage (Billion Cubic Feet)
2016-07-29,3288,BCF,NW2_EPG0_SWO_R48_BCF,Weekly Lower 48 States Natural Gas Working Underground Storage (Billion Cubic Feet)
2016-08-05,3317,BCF,NW2_EPG0_SWO_R48_BCF,Weekly Lower 48 States Natural Gas Working Underground Storage (Billion Cubic Feet)
2016-08-12,3339,BCF,NW2_EPG0_SWO_R48_BCF,Weekly Lower 48 States Natural Gas Working Underground Storage (Billion Cubic Feet)
2016-08-19,3350,BCF,NW2_EPG0_SWO_R48_BCF,Weekly Lower 48 States Natural Gas Working Underground Storage (Billion Cubic Feet)
2016-08-26,3401,BCF,NW2_EPG0_SWO_R48_BCF,Weekly Lower 48 States Natural Gas Working Underground Storage (Billion Cubic Feet)
2016-09-02,3437,BCF,NW2_EPG0_SWO_R48_BCF,Weekly Lower 48 States Natural Gas Working Underground Storage (Billion Cubic Feet)
2016-09-09,3499,BCF,NW2_EPG0_SWO_R48_BCF,Weekly Lower 48 States Natural Gas Working Underground Storage (Billion Cubic Feet)
2016-09-16,3551,BCF,NW2_EPG0_SWO_R48_BCF,Weekly Lower 48 States Natural Gas Working Underground Storage (Billion Cubic Feet)
2016-09-23,3600,BCF,NW2_EPG0_SWO_R48_BCF,Weekly Lower 48 States Natural Gas Working Underground Storage (Billion Cubic Feet)
2016-09-30,3680,BCF,NW2_EPG0_SWO_R48_BCF,Weekly Lower 48 States Natural Gas Working Underground Storage (Billion Cubic Feet)
2016-10-07,3759,BCF,NW2_EPG0_SWO_R48_BCF,Weekly Lower 48 States Natural Gas Working Underground Storage (Billion Cubic Feet)
2016-10-14,3836,BCF,NW2_EPG0_SWO_R48_BCF,Weekly Lower 48 States Natural Gas Working Underground Storage (Billion Cubic Feet)
2016-10-21,3909,BCF,NW2_EPG0_SWO_R48_BCF,Weekly Lower 48 States Natural Gas Working Underground Storage (Billion Cubic Feet)
2016-10-28,3963,BCF,NW2_EPG0_SWO_R48_BCF,Weekly Lower 48 States Natural Gas Working Underground Storage (Billion Cubic Feet)
2016-11-04,4017,BCF,NW2_EPG0_SWO_R48_BCF,Weekly Lower 48 States Natural Gas Working Underground Storage (Billion Cubic Feet)
2016-11-11,4047,BCF,NW2_EPG0_SWO_R48_BCF,Weekly Lower 48 States Natural Gas Working Underground Storage (Billion Cubic Feet)
2016-11-18,4045,BCF,NW2_EPG0_SWO_R48_BCF,Weekly Lower 48 States Natural Gas Working Underground Storage (Billion Cubic Feet)
2016-11-25,3995,BCF,NW2_EPG0_SWO_R48_BCF,Weekly Lower 48 States Natural Gas Working Underground Storage (Billion Cubic Feet)
2016-12-02,3953,BCF,NW2_EPG0_SWO_R48_BCF,Weekly Lower 48 States Natural Gas Working Underground Storage (Billion Cubic Feet)
2016-12-09,3806,BCF,NW2_EPG0_SWO_R48_BCF,Weekly Lower 48 States Natural Gas Working Underground Storage (Billion Cubic Feet)
2016-12-16,3597,BCF,NW2_EPG0_SWO_R48_BCF,Weekly Lower 48 States Natural Gas Working Underground Storage (Billion Cubic Feet)
2016-12-23,3360,BCF,NW2_EPG0_SWO_R48_BCF,Weekly Lower 48 States Natural Gas Working Underground Storage (Billion Cubic Feet)
2016-12-30,3311,BCF,NW2_EPG0_SWO_R48_BCF,Weekly Lower 48 States Natural Gas Working Underground Storage (Billion Cubic Feet)
2017-01-06,3160,BCF,NW2_EPG0_SWO_R48_BCF,Weekly Lower 48 States Natural Gas Working Underground Storage (Billion Cubic Feet)
2017-01-13,2917,BCF,NW2_EPG0_SWO_R48_BCF,Weekly Lower 48 States Natural Gas Working Underground Storage (Billion Cubic Feet)
2017-01-20,2798,BCF,NW2_EPG0_SWO_R48_BCF,Weekly Lower 48 States Natural Gas Working Underground Storage (Billion Cubic Feet)
2017-01-27,2711,BCF,NW2_EPG0_SWO_R48_BCF,Weekly Lower 48 States Natural Gas Working Underground Storage (Billion Cubic Feet)
2017-02-03,2559,BCF,NW2_EPG0_SWO_R48_BCF,Weekly Lower 48 States Natural Gas Working Underground Storage (Billion Cubic Feet)
2017-02-10,2445,BCF,NW2_EPG0_SWO_R48_BCF,Weekly Lower 48 States Natural Gas Working Underground Storage (Billion Cubic Feet)
2017-02-17,2356,BCF,NW2_EPG0_SWO_R48_BCF,Weekly Lower 48 States Natural Gas Working Underground Storage (Billion Cubic Feet)
2017-02-24,2363,BCF,NW2_EPG0_SWO_R48_BCF,Weekly Lower 48 States Natural Gas Working Underground Storage (Billion Cubic Feet)
2017-03-03,2295,BCF,NW2_EPG0_SWO_R48_BCF,Weekly Lower 48 States Natural Gas Working Underground Storage (Billion Cubic Feet)
2017-03-10,2242,BCF,NW2_EPG0_SWO_R48_BCF,Weekly Lower 48 States Natural Gas Working Underground Storage (Billion Cubic Feet)
2017-03-17,2092,BCF,NW2_EPG0_SWO_R48_BCF,Weekly Lower 48 States Natural Gas Working Underground Storage (Billion Cubic Feet)
2017-03-24,2049,BCF,NW2_EPG0_SWO_R48_BCF,Weekly Lower 48 States Natural Gas Working Underground Storage (Billion Cubic Feet)
2017-03-31,2051,BCF,NW2_EPG0_SWO_R48_BCF,Weekly Lower 48 States Natural Gas Working Underground Storage (Billion Cubic Feet)
2017-04-07,2061,BCF,NW2_EPG0_SWO_R48_BCF,Weekly Lower 48 States Natural Gas Working Underground Storage (Billion Cubic Feet)
2017-04-14,2115,BCF,NW2_EPG0_SWO_R48_BCF,Weekly Lower 48 States Natural Gas Working Underground Storage (Billion Cubic Feet)
2017-04-21,2189,BCF,NW2_EPG0_SWO_R48_BCF,Weekly Lower 48 States Natural Gas Working Underground Storage (Billion Cubic Feet)
2017-04-28,2256,BCF,NW2_EPG0_SWO_R48_BCF,Weekly Lower 48 States Natural Gas Working Underground Storage (Billion Cubic Feet)
2017-05-05,2301,BCF,NW2_EPG0_SWO_R48_BCF,Weekly Lower 48 States Natural Gas Working Underground Storage (Billion Cubic Feet)
2017-05-12,2369,BCF,NW2_EPG0_SWO_R48_BCF,Weekly Lower 48 States Natural Gas Working Underground Storage (Billion Cubic Feet)
2017-05-19,2444,BCF,NW2_EPG0_SWO_R48_BCF,Weekly Lower 48 States Natural Gas Working Underground Storage (Billion Cubic Feet)
2017-05-26,2525,BCF,NW2_EPG0_SWO_R48_BCF,Weekly Lower 48 States Natural Gas Working Underground Storage (Billion Cubic Feet)
2017-06-02,2631,BCF,NW2_EPG0_SWO_R48_BCF,Weekly Lower 48 States Natural Gas Working Underground Storage (Billion Cubic Feet)
2017-06-09,2709,BCF,NW2_EPG0_SWO_R48_BCF,Weekly Lower 48 States Natural Gas Working Underground Storage (Billion Cubic Feet)
2017-06-16,2770,BCF,NW2_EPG0_SWO_R48_BCF,Weekly Lower 48 States Natural Gas Working Underground Storage (Billion Cubic Feet)
2017-06-23,2816,BCF,NW2_EPG0_SWO_R48_BCF,Weekly Lower 48 States Natural Gas Working Underground Storage (Billion Cubic Feet)
2017-06-30,2878,BCF,NW2_EPG0_SWO_R48_BCF,Weekly Lower 48 States Natural Gas Working Underground Storage (Billion Cubic Feet)
2017-07-07,2936,BCF,NW2_EPG0_SWO_R48_BCF,Weekly Lower 48 States Natural Gas Working Underground Storage (Billion Cubic Feet)
2017-07-14,2963,BCF,NW2_EPG0_SWO_R48_BCF,Weekly Lower 48 States Natural Gas Working Underground Storage (Billion Cubic Feet)
2017-07-21,2980,BCF,NW2_EPG0_SWO_R48_BCF,Weekly Lower 48 States Natural Gas Working Underground Storage (Billion Cubic Feet)
2017-07-28,2999,BCF,NW2_EPG0_SWO_R48_BCF,Weekly Lower 48 States Natural Gas Working Underground Storage (Billion Cubic Feet)
2017-08-04,3029,BCF,NW2_EPG0_SWO_R48_BCF,Weekly Lower 48 States Natural Gas Working Underground Storage (Billion Cubic Feet)
2017-08-11,3082,BCF,NW2_EPG0_SWO_R48_BCF,Weekly Lower 48 States Natural Gas Working Underground Storage (Billion Cubic Feet)
2017-08-18,3125,BCF,NW2_EPG0_SWO_R48_BCF,Weekly Lower 48 States Natural Gas Working Underground Storage (Billion Cubic Feet)
2017-08-25,3155,BCF,NW2_EPG0_SWO_R48_BCF,Weekly Lower 48 States Natural Gas Working Underground Storage (Billion Cubic Feet)
2017-09-01,3220,BCF,NW2_EPG0_SWO_R48_BCF,Weekly Lower 48 States Natural Gas Working Underground Storage (Billion Cubic Feet)
2017-09-08,3311,BCF,NW2_EPG0_SWO_R48_BCF,Weekly Lower 48 States Natural Gas Working Underground Storage (Billion Cubic Feet)
2017-09-15,3408,BCF,NW2_EPG0_SWO_R48_BCF,Weekly Lower 48 States Natural Gas Working Underground Storage (Billion Cubic Feet)
2017-09-22,3466,BCF,NW2_EPG0_SWO_R48_BCF,Weekly Lower 48 States Natural Gas Working Underground Storage (Billion Cubic Feet)
2017-09-29,3508,BCF,NW2_EPG0_SWO_R48_BCF,Weekly Lower 48 States Natural Gas Working Underground Storage (Billion Cubic Feet)
2017-10-06,3595,BCF,NW2_EPG0_SWO_R48_BCF,Weekly Lower 48 States Natural Gas Working Underground Storage (Billion Cubic Feet)
2017-10-13,3645,BCF,NW2_EPG0_SWO_R48_BCF,Weekly Lower 48 States Natural Gas Working Underground Storage (Billion Cubic Feet)
2017-10-20,3710,BCF,NW2_EPG0_SWO_R48_BCF,Weekly Lower 48 States Natural Gas Working Underground Storage (Billion Cubic Feet)
2017-10-27,3775,BCF,NW2_EPG0_SWO_R48_BCF,Weekly Lower 48 States Natural Gas Working Underground Storage (Billion Cubic Feet)
2017-11-03,3790,BCF,NW2_EPG0_SWO_R48_BCF,Weekly Lower 48 States Natural Gas Working Underground Storage (Billion Cubic Feet)
2017-11-10,3772,BCF,NW2_EPG0_SWO_R48_BCF,Weekly Lower 48 States Natural Gas Working Underground Storage (Billion Cubic Feet)
2017-11-17,3726,BCF,NW2_EPG0_SWO_R48_BCF,Weekly Lower 48 States Natural Gas Working Underground Storage (Billion Cubic Feet)
2017-11-24,3693,BCF,NW2_EPG0_SWO_R48_BCF,Weekly Lower 48 States Natural Gas Working Underground Storage (Billion Cubic Feet)
2017-12-01,3695,BCF,NW2_EPG0_SWO_R48_BCF,Weekly Lower 48 States Natural Gas Working Underground Storage (Billion Cubic Feet)
2017-12-08,3626,BCF,NW2_EPG0_SWO_R48_BCF,Weekly Lower 48 States Natural Gas Working Underground Storage (Billion Cubic Feet)
2017-12-15,3444,BCF,NW2_EPG0_SWO_R48_BCF,Weekly Lower 48 States Natural Gas Working Underground Storage (Billion Cubic Feet)
2017-12-22,3332,BCF,NW2_EPG0_SWO_R48_BCF,Weekly Lower 48 States Natural Gas Working Underground Storage (Billion Cubic Feet)
2017-12-29,3126,BCF,NW2_EPG0_SWO_R48_BCF,Weekly Lower 48 States Natural Gas Working Underground Storage (Billion Cubic Feet)
2018-01-05,2767,BCF,NW2_EPG0_SWO_R48_BCF,Weekly Lower 48 States Natural Gas Working Underground Storage (Billion Cubic Feet)
2018-01-12,2584,BCF,NW2_EPG0_SWO_R48_BCF,Weekly Lower 48 States Natural Gas Working Underground Storage (Billion Cubic Feet)
2018-01-19,2296,BCF,NW2_EPG0_SWO_R48_BCF,Weekly Lower 48 States Natural Gas Working Underground Storage (Billion Cubic Feet)
2018-01-26,2197,BCF,NW2_EPG0_SWO_R48_BCF,Weekly Lower 48 States Natural Gas Working Underground Storage (Billion Cubic Feet)
2018-02-02,2078,BCF,NW2_EPG0_SWO_R48_BCF,Weekly Lower 48 States Natural Gas Working Underground Storage (Billion Cubic Feet)
2018-02-09,1884,BCF,NW2_EPG0_SWO_R48_BCF,Weekly Lower 48 States Natural Gas Working Underground Storage (Billion Cubic Feet)
2018-02-16,1760,BCF,NW2_EPG0_SWO_R48_BCF,Weekly Lower 48 States Natural Gas Working Underground Storage (Billion Cubic Feet)
2018-02-23,1682,BCF,NW2_EPG0_SWO_R48_BCF,Weekly Lower 48 States Natural Gas Working Underground Storage (Billion Cubic Feet)
2018-03-02,1625,BCF,NW2_EPG0_SWO_R48_BCF,Weekly Lower 48 States Natural Gas Working Underground Storage (Billion Cubic Feet)
2018-03-09,1532,BCF,NW2_EPG0_SWO_R48_BCF,Weekly Lower 48 States Natural Gas Working Underground Storage (Billion Cubic Feet)
2018-03-16,1446,BCF,NW2_EPG0_SWO_R48_BCF,Weekly Lower 48 States Natural Gas Working Underground Storage (Billion Cubic Feet)
2018-03-23,1383,BCF,NW2_EPG0_SWO_R48_BCF,Weekly Lower 48 States Natural Gas Working Underground Storage (Billion Cubic Feet)
2018-03-30,1354,BCF,NW2_EPG0_SWO_R48_BCF,Weekly Lower 48 States Natural Gas Working Underground Storage (Billion Cubic Feet)
2018-04-06,1335,BCF,NW2_EPG0_SWO_R48_BCF,Weekly Lower 48 States Natural Gas Working Underground Storage (Billion Cubic Feet)
2018-04-13,1299,BCF,NW2_EPG0_SWO_R48_BCF,Weekly Lower 48 States Natural Gas Working Underground Storage (Billion Cubic Feet)
2018-04-20,1281,BCF,NW2_EPG0_SWO_R48_BCF,Weekly Lower 48 States Natural Gas Working Underground Storage (Billion Cubic Feet)
2018-04-27,1343,BCF,NW2_EPG0_SWO_R48_BCF,Weekly Lower 48 States Natural Gas Working Underground Storage (Billion Cubic Feet)
2018-05-04,1432,BCF,NW2_EPG0_SWO_R48_BCF,Weekly Lower 48 States Natural Gas Working Underground Storage (Billion Cubic Feet)
2018-05-11,1538,BCF,NW2_EPG0_SWO_R48_BCF,Weekly Lower 48 States Natural Gas Working Underground Storage (Billion Cubic Feet)
2018-05-18,1629,BCF,NW2_EPG0_SWO_R48_BCF,Weekly Lower 48 States Natural Gas Working Underground Storage (Billion Cubic Feet)
2018-05-25,1725,BCF,NW2_EPG0_SWO_R48_BCF,Weekly Lower 48 States Natural Gas Working Underground Storage (Billion Cubic Feet)
2018-06-01,1817,BCF,NW2_EPG0_SWO_R48_BCF,Weekly Lower 48 States Natural Gas Working Underground Storage (Billion Cubic Feet)
2018-06-08,1913,BCF,NW2_EPG0_SWO_R48_BCF,Weekly Lower 48 States Natural Gas Working Underground Storage (Billion Cubic Feet)
2018-06-15,2008,BCF,NW2_EPG0_SWO_R48_BCF,Weekly Lower 48 States Natural Gas Working Underground Storage (Billion Cubic Feet)
2018-06-22,2074,BCF,NW2_EPG0_SWO_R48_BCF,Weekly Lower 48 States Natural Gas Working Underground Storage (Billion Cubic Feet)
2018-06-29,2152,BCF,NW2_EPG0_SWO_R48_BCF,Weekly Lower 48 States Natural Gas Working Underground Storage (Billion Cubic Feet)
2018-07-06,2203,BCF,NW2_EPG0_SWO_R48_BCF,Weekly Lower 48 States Natural Gas Working Underground Storage (Billion Cubic Feet)
2018-07-13,2248,BCF,NW2_EPG0_SWO_R48_BCF,Weekly Lower 48 States Natural Gas Working Underground Storage (Billion Cubic Feet)
2018-07-20,2272,BCF,NW2_EPG0_SWO_R48_BCF,Weekly Lower 48 States Natural Gas Working Underground Storage (Billion Cubic Feet)
2018-07-27,2305,BCF,NW2_EPG0_SWO_R48_BCF,Weekly Lower 48 States Natural Gas Working Underground Storage (Billion Cubic Feet)
2018-08-03,2353,BCF,NW2_EPG0_SWO_R48_BCF,Weekly Lower 48 States Natural Gas Working Underground Storage (Billion Cubic Feet)
2018-08-10,2386,BCF,NW2_EPG0_SWO_R48_BCF,Weekly Lower 48 States Natural Gas Working Underground Storage (Billion Cubic Feet)
2018-08-17,2435,BCF,NW2_EPG0_SWO_R48_BCF,Weekly Lower 48 States Natural Gas Working Underground Storage (Billion Cubic Feet)
2018-08-24,2504,BCF,NW2_EPG0_SWO_R48_BCF,Weekly Lower 48 States Natural Gas Working Underground Storage (Billion Cubic Feet)
2018-08-31,2567,BCF,NW2_EPG0_SWO_R48_BCF,Weekly Lower 48 States Natural Gas Working Underground Storage (Billion Cubic Feet)
2018-09-07,2636,BCF,NW2_EPG0_SWO_R48_BCF,Weekly Lower 48 States Natural Gas Working Underground Storage (Billion Cubic Feet)
2018-09-14,2722,BCF,NW2_EPG0_SWO_R48_BCF,Weekly Lower 48 States Natural Gas Working Underground Storage (Billion Cubic Feet)
2018-09-21,2768,BCF,NW2_EPG0_SWO_R48_BCF,Weekly Lower 48 States Natural Gas Working Underground Storage (Billion Cubic Feet)
2018-09-28,2866,BCF,NW2_EPG0_SWO_R48_BCF,Weekly Lower 48 States Natural Gas Working Underground Storage (Billion Cubic Feet)
2018-10-05,2956,BCF,NW2_EPG0_SWO_R48_BCF,Weekly Lower 48 States Natural Gas Working Underground Storage (Billion Cubic Feet)
2018-10-12,3037,BCF,NW2_EPG0_SWO_R48_BCF,Weekly Lower 48 States Natural Gas Working Underground Storage (Billion Cubic Feet)
2018-10-19,3095,BCF,NW2_EPG0_SWO_R48_BCF,Weekly Lower 48 States Natural Gas Working Underground Storage (Billion Cubic Feet)
2018-10-26,3143,BCF,NW2_EPG0_SWO_R48_BCF,Weekly Lower 48 States Natural Gas Working Underground Storage (Billion Cubic Feet)
2018-11-02,3208,BCF,NW2_EPG0_SWO_R48_BCF,Weekly Lower 48 States Natural Gas Working Underground Storage (Billion Cubic Feet)
2018-11-09,3247,BCF,NW2_EPG0_SWO_R48_BCF,Weekly Lower 48 States Natural Gas Working Underground Storage (Billion Cubic Feet)
2018-11-16,3113,BCF,NW2_EPG0_SWO_R48_BCF,Weekly Lower 48 States Natural Gas Working Underground Storage (Billion Cubic Feet)
2018-11-23,3054,BCF,NW2_EPG0_SWO_R48_BCF,Weekly Lower 48 States Natural Gas Working Underground Storage (Billion Cubic Feet)
2018-11-30,2991,BCF,NW2_EPG0_SWO_R48_BCF,Weekly Lower 48 States Natural Gas Working Underground Storage (Billion Cubic Feet)
2018-12-07,2914,BCF,NW2_EPG0_SWO_R48_BCF,Weekly Lower 48 States Natural Gas Working Underground Storage (Billion Cubic Feet)
2018-12-14,2773,BCF,NW2_EPG0_SWO_R48_BCF,Weekly Lower 48 States Natural Gas Working Underground Storage (Billion Cubic Feet)
2018-12-21,2725,BCF,NW2_EPG0_SWO_R48_BCF,Weekly Lower 48 States Natural Gas Working Underground Storage (Billion Cubic Feet)
2018-12-28,2705,BCF,NW2_EPG0_SWO_R48_BCF,Weekly Lower 48 States Natural Gas Working Underground Storage (Billion Cubic Feet)
2019-01-04,2614,BCF,NW2_EPG0_SWO_R48_BCF,Weekly Lower 48 States Natural Gas Working Underground Storage (Billion Cubic Feet)
2019-01-11,2533,BCF,NW2_EPG0_SWO_R48_BCF,Weekly Lower 48 States Natural Gas Working Underground Storage (Billion Cubic Feet)
2019-01-18,2370,BCF,NW2_EPG0_SWO_R48_BCF,Weekly Lower 48 States Natural Gas Working Underground Storage (Billion Cubic Feet)
2019-01-25,2197,BCF,NW2_EPG0_SWO_R48_BCF,Weekly Lower 48 States Natural Gas Working Underground Storage (Billion Cubic Feet)
2019-02-01,1960,BCF,NW2_EPG0_SWO_R48_BCF,Weekly Lower 48 States Natural Gas Working Underground Storage (Billion Cubic Feet)
2019-02-08,1882,BCF,NW2_EPG0_SWO_R48_BCF,Weekly Lower 48 States Natural Gas Working Underground Storage (Billion Cubic Feet)
2019-02-15,1705,BCF,NW2_EPG0_SWO_R48_BCF,Weekly Lower 48 States Natural Gas Working Underground Storage (Billion Cubic Feet)
2019-02-22,1539,BCF,NW2_EPG0_SWO_R48_BCF,Weekly Lower 48 States Natural Gas Working Underground Storage (Billion Cubic Feet)
2019-03-01,1390,BCF,NW2_EPG0_SWO_R48_BCF,Weekly Lower 48 States Natural Gas Working Underground Storage (Billion Cubic Feet)
2019-03-08,1190,BCF,NW2_EPG0_SWO_R48_BCF,Weekly Lower 48 States Natural Gas Working Underground Storage (Billion Cubic Feet)
2019-03-15,1143,BCF,NW2_EPG0_SWO_R48_BCF,Weekly Lower 48 States Natural Gas Working Underground Storage (Billion Cubic Feet)
2019-03-22,1107,BCF,NW2_EPG0_SWO_R48_BCF,Weekly Lower 48 States Natural Gas Working Underground Storage (Billion Cubic Feet)
2019-03-29,1130,BCF,NW2_EPG0_SWO_R48_BCF,Weekly Lower 48 States Natural Gas Working Underground Storage (Billion Cubic Feet)
2019-04-05,1155,BCF,NW2_EPG0_SWO_R48_BCF,Weekly Lower 48 States Natural Gas Working Underground Storage (Billion Cubic Feet)
2019-04-12,1247,BCF,NW2_EPG0_SWO_R48_BCF,Weekly Lower 48 States Natural Gas Working Underground Storage (Billion Cubic Feet)
2019-04-19,1339,BCF,NW2_EPG0_SWO_R48_BCF,Weekly Lower 48 States Natural Gas Working Underground Storage (Billion Cubic Feet)
2019-04-26,1462,BCF,NW2_EPG0_SWO_R48_BCF,Weekly Lower 48 States Natural Gas Working Underground Storage (Billion Cubic Feet)
2019-05-03,1547,BCF,NW2_EPG0_SWO_R48_BCF,Weekly Lower 48 States Natural Gas Working Underground Storage (Billion Cubic Feet)
2019-05-10,1653,BCF,NW2_EPG0_SWO_R48_BCF,Weekly Lower 48 States Natural Gas Working Underground Storage (Billion Cubic Feet)
2019-05-17,1753,BCF,NW2_EPG0_SWO_R48_BCF,Weekly Lower 48 States Natural Gas Working Underground Storage (Billion Cubic Feet)
2019-05-24,1867,BCF,NW2_EPG0_SWO_R48_BCF,Weekly Lower 48 States Natural Gas Working Underground Storage (Billion Cubic Feet)
2019-05-31,1986,BCF,NW2_EPG0_SWO_R48_BCF,Weekly Lower 48 States Natural Gas Working Underground Storage (Billion Cubic Feet)
2019-06-07,2088,BCF,NW2_EPG0_SWO_R48_BCF,Weekly Lower 48 States Natural Gas Working Underground Storage (Billion Cubic Feet)
2019-06-14,2203,BCF,NW2_EPG0_SWO_R48_BCF,Weekly Lower 48 States Natural Gas Working Underground Storage (Billion Cubic Feet)
2019-06-21,2301,BCF,NW2_EPG0_SWO_R48_BCF,Weekly Lower 48 States Natural Gas Working Underground Storage (Billion Cubic Feet)
2019-06-28,2390,BCF,NW2_EPG0_SWO_R48_BCF,Weekly Lower 48 States Natural Gas Working Underground Storage (Billion Cubic Feet)
2019-07-05,2471,BCF,NW2_EPG0_SWO_R48_BCF,Weekly Lower 48 States Natural Gas Working Underground Storage (Billion Cubic Feet)
2019-07-12,2533,BCF,NW2_EPG0_SWO_R48_BCF,Weekly Lower 48 States Natural Gas Working Underground Storage (Billion Cubic Feet)
2019-07-19,2569,BCF,NW2_EPG0_SWO_R48_BCF,Weekly Lower 48 States Natural Gas Working Underground Storage (Billion Cubic Feet)
2019-07-26,2634,BCF,NW2_EPG0_SWO_R48_BCF,Weekly Lower 48 States Natural Gas Working Underground Storage (Billion Cubic Feet)
2019-08-02,2689,BCF,NW2_EPG0_SWO_R48_BCF,Weekly Lower 48 States Natural Gas Working Underground Storage (Billion Cubic Feet)
2019-08-09,2738,BCF,NW2_EPG0_SWO_R48_BCF,Weekly Lower 48 States Natural Gas Working Underground Storage (Billion Cubic Feet)
2019-08-16,2797,BCF,NW2_EPG0_SWO_R48_BCF,Weekly Lower 48 States Natural Gas Working Underground Storage (Billion Cubic Feet)
2019-08-23,2857,BCF,NW2_EPG0_SWO_R48_BCF,Weekly Lower 48 States Natural Gas Working Underground Storage (Billion Cubic Feet)
2019-08-30,2941,BCF,NW2_EPG0_SWO_R48_BCF,Weekly Lower 48 States Natural Gas Working Underground Storage (Billion Cubic Feet)
2019-09-06,3019,BCF,NW2_EPG0_SWO_R48_BCF,Weekly Lower 48 States Natural Gas Working Underground Storage (Billion Cubic Feet)
2019-09-13,3103,BCF,NW2_EPG0_SWO_R48_BCF,Weekly Lower 48 States Natural Gas Working Underground Storage (Billion Cubic Feet)
2019-09-20,3205,BCF,NW2_EPG0_SWO_R48_BCF,Weekly Lower 48 States Natural Gas Working Underground Storage (Billion Cubic Feet)
2019-09-27,3317,BCF,NW2_EPG0_SWO_R48_BCF,Weekly Lower 48 States Natural Gas Working Underground Storage (Billion Cubic Feet)
2019-10-04,3415,BCF,NW2_EPG0_SWO_R48_BCF,Weekly Lower 48 States Natural Gas Working Underground Storage (Billion Cubic Feet)
2019-10-11,3519,BCF,NW2_EPG0_SWO_R48_BCF,Weekly Lower 48 States Natural Gas Working Underground Storage (Billion Cubic Feet)
2019-10-18,3606,BCF,NW2_EPG0_SWO_R48_BCF,Weekly Lower 48 States Natural Gas Working Underground Storage (Billion Cubic Feet)
2019-10-25,3695,BCF,NW2_EPG0_SWO_R48_BCF,Weekly Lower 48 States Natural Gas Working Underground Storage (Billion Cubic Feet)
2019-11-01,3729,BCF,NW2_EPG0_SWO_R48_BCF,Weekly Lower 48 States Natural Gas Working Underground Storage (Billion Cubic Feet)
2019-11-08,3732,BCF,NW2_EPG0_SWO_R48_BCF,Weekly Lower 48 States Natural Gas Working Underground Storage (Billion Cubic Feet)
2019-11-15,3638,BCF,NW2_EPG0_SWO_R48_BCF,Weekly Lower 48 States Natural Gas Working Underground Storage (Billion Cubic Feet)
2019-11-22,3610,BCF,NW2_EPG0_SWO_R48_BCF,Weekly Lower 48 States Natural Gas Working Underground Storage (Billion Cubic Feet)
2019-11-29,3591,BCF,NW2_EPG0_SWO_R48_BCF,Weekly Lower 48 States Natural Gas Working Underground Storage (Billion Cubic Feet)
2019-12-06,3518,BCF,NW2_EPG0_SWO_R48_BCF,Weekly Lower 48 States Natural Gas Working Underground Storage (Billion Cubic Feet)
2019-12-13,3411,BCF,NW2_EPG0_SWO_R48_BCF,Weekly Lower 48 States Natural Gas Working Underground Storage (Billion Cubic Feet)
2019-12-20,3250,BCF,NW2_EPG0_SWO_R48_BCF,Weekly Lower 48 States Natural Gas Working Underground Storage (Billion Cubic Feet)
2019-12-27,3192,BCF,NW2_EPG0_SWO_R48_BCF,Weekly Lower 48 States Natural Gas Working Underground Storage (Billion Cubic Feet)
2020-01-03,3148,BCF,NW2_EPG0_SWO_R48_BCF,Weekly Lower 48 States Natural Gas Working Underground Storage (Billion Cubic Feet)
2020-01-10,3039,BCF,NW2_EPG0_SWO_R48_BCF,Weekly Lower 48 States Natural Gas Working Underground Storage (Billion Cubic Feet)
2020-01-17,2947,BCF,NW2_EPG0_SWO_R48_BCF,Weekly Lower 48 States Natural Gas Working Underground Storage (Billion Cubic Feet)
2020-01-24,2746,BCF,NW2_EPG0_SWO_R48_BCF,Weekly Lower 48 States Natural Gas Working Underground Storage (Billion Cubic Feet)
2020-01-31,2609,BCF,NW2_EPG0_SWO_R48_BCF,Weekly Lower 48 States Natural Gas Working Underground Storage (Billion Cubic Feet)
2020-02-07,2494,BCF,NW2_EPG0_SWO_R48_BCF,Weekly Lower 48 States Natural Gas Working Underground Storage (Billion Cubic Feet)
2020-02-14,2343,BCF,NW2_EPG0_SWO_R48_BCF,Weekly Lower 48 States Natural Gas Working Underground Storage (Billion Cubic Feet)
2020-02-21,2200,BCF,NW2_EPG0_SWO_R48_BCF,Weekly Lower 48 States Natural Gas Working Underground Storage (Billion Cubic Feet)
2020-02-28,2091,BCF,NW2_EPG0_SWO_R48_BCF,Weekly Lower 48 States Natural Gas Working Underground Storage (Billion Cubic Feet)
2020-03-06,2043,BCF,NW2_EPG0_SWO_R48_BCF,Weekly Lower 48 States Natural Gas Working Underground Storage (Billion Cubic Feet)
2020-03-13,2034,BCF,NW2_EPG0_SWO_R48_BCF,Weekly Lower 48 States Natural Gas Working Underground Storage (Billion Cubic Feet)
2020-03-20,2005,BCF,NW2_EPG0_SWO_R48_BCF,Weekly Lower 48 States Natural Gas Working Underground Storage (Billion Cubic Feet)
2020-03-27,1986,BCF,NW2_EPG0_SWO_R48_BCF,Weekly Lower 48 States Natural Gas Working Underground Storage (Billion Cubic Feet)
2020-04-03,2024,BCF,NW2_EPG0_SWO_R48_BCF,Weekly Lower 48 States Natural Gas Working Underground Storage (Billion Cubic Feet)
2020-04-10,2097,BCF,NW2_EPG0_SWO_R48_BCF,Weekly Lower 48 States Natural Gas Working Underground Storage (Billion Cubic Feet)
2020-04-17,2140,BCF,NW2_EPG0_SWO_R48_BCF,Weekly Lower 48 States Natural Gas Working Underground Storage (Billion Cubic Feet)
2020-04-24,2210,BCF,NW2_EPG0_SWO_R48_BCF,Weekly Lower 48 States Natural Gas Working Underground Storage (Billion Cubic Feet)
2020-05-01,2319,BCF,NW2_EPG0_SWO_R48_BCF,Weekly Lower 48 States Natural Gas Working Underground Storage (Billion Cubic Feet)
2020-05-08,2422,BCF,NW2_EPG0_SWO_R48_BCF,Weekly Lower 48 States Natural Gas Working Underground Storage (Billion Cubic Feet)
2020-05-15,2503,BCF,NW2_EPG0_SWO_R48_BCF,Weekly Lower 48 States Natural Gas Working Underground Storage (Billion Cubic Feet)
2020-05-22,2612,BCF,NW2_EPG0_SWO_R48_BCF,Weekly Lower 48 States Natural Gas Working Underground Storage (Billion Cubic Feet)
2020-05-29,2714,BCF,NW2_EPG0_SWO_R48_BCF,Weekly Lower 48 States Natural Gas Working Underground Storage (Billion Cubic Feet)
2020-06-05,2807,BCF,NW2_EPG0_SWO_R48_BCF,Weekly Lower 48 States Natural Gas Working Underground Storage (Billion Cubic Feet)
2020-06-12,2892,BCF,NW2_EPG0_SWO_R48_BCF,Weekly Lower 48 States Natural Gas Working Underground Storage (Billion Cubic Feet)
2020-06-19,3012,BCF,NW2_EPG0_SWO_R48_BCF,Weekly Lower 48 States Natural Gas Working Underground Storage (Billion Cubic Feet)
2020-06-26,3077,BCF,NW2_EPG0_SWO_R48_BCF,Weekly Lower 48 States Natural Gas Working Underground Storage (Billion Cubic Feet)
2020-07-03,3133,BCF,NW2_EPG0_SWO_R48_BCF,Weekly Lower 48 States Natural Gas Working Underground Storage (Billion Cubic Feet)
2020-07-10,3178,BCF,NW2_EPG0_SWO_R48_BCF,Weekly Lower 48 States Natural Gas Working Underground Storage (Billion Cubic Feet)
2020-07-17,3215,BCF,NW2_EPG0_SWO_R48_BCF,Weekly Lower 48 States Natural Gas Working Underground Storage (Billion Cubic Feet)
2020-07-24,3241,BCF,NW2_EPG0_SWO_R48_BCF,Weekly Lower 48 States Natural Gas Working Underground Storage (Billion Cubic Feet)
2020-07-31,3274,BCF,NW2_EPG0_SWO_R48_BCF,Weekly Lower 48 States Natural Gas Working Underground Storage (Billion Cubic Feet)
2020-08-07,3332,BCF,NW2_EPG0_SWO_R48_BCF,Weekly Lower 48 States Natural Gas Working Underground Storage (Billion Cubic Feet)
2020-08-14,3375,BCF,NW2_EPG0_SWO_R48_BCF,Weekly Lower 48 States Natural Gas Working Underground Storage (Billion Cubic Feet)
2020-08-21,3420,BCF,NW2_EPG0_SWO_R48_BCF,Weekly Lower 48 States Natural Gas Working Underground Storage (Billion Cubic Feet)
2020-08-28,3455,BCF,NW2_EPG0_SWO_R48_BCF,Weekly Lower 48 States Natural Gas Working Underground Storage (Billion Cubic Feet)
2020-09-04,3525,BCF,NW2_EPG0_SWO_R48_BCF,Weekly Lower 48 States Natural Gas Working Underground Storage (Billion Cubic Feet)
2020-09-11,3614,BCF,NW2_EPG0_SWO_R48_BCF,Weekly Lower 48 States Natural Gas Working Underground Storage (Billion Cubic Feet)
2020-09-18,3680,BCF,NW2_EPG0_SWO_R48_BCF,Weekly Lower 48 States Natural Gas Working Underground Storage (Billion Cubic Feet)
2020-09-25,3756,BCF,NW2_EPG0_SWO_R48_BCF,Weekly Lower 48 States Natural Gas Working Underground Storage (Billion Cubic Feet)
2020-10-02,3831,BCF,NW2_EPG0_SWO_R48_BCF,Weekly Lower 48 States Natural Gas Working Underground Storage (Billion Cubic Feet)
2020-10-09,3877,BCF,NW2_EPG0_SWO_R48_BCF,Weekly Lower 48 States Natural Gas Working Underground Storage (Billion Cubic Feet)
2020-10-16,3926,BCF,NW2_EPG0_SWO_R48_BCF,Weekly Lower 48 States Natural Gas Working Underground Storage (Billion Cubic Feet)
2020-10-23,3955,BCF,NW2_EPG0_SWO_R48_BCF,Weekly Lower 48 States Natural Gas Working Underground Storage (Billion Cubic Feet)
2020-10-30,3919,BCF,NW2_EPG0_SWO_R48_BCF,Weekly Lower 48 States Natural Gas Working Underground Storage (Billion Cubic Feet)
2020-11-06,3927,BCF,NW2_EPG0_SWO_R48_BCF,Weekly Lower 48 States Natural Gas Working Underground Storage (Billion Cubic Feet)
2020-11-13,3958,BCF,NW2_EPG0_SWO_R48_BCF,Weekly Lower 48 States Natural Gas Working Underground Storage (Billion Cubic Feet)
2020-11-20,3940,BCF,NW2_EPG0_SWO_R48_BCF,Weekly Lower 48 States Natural Gas Working Underground Storage (Billion Cubic Feet)
2020-11-27,3939,BCF,NW2_EPG0_SWO_R48_BCF,Weekly Lower 48 States Natural Gas Working Underground Storage (Billion Cubic Feet)
2020-12-04,3848,BCF,NW2_EPG0_SWO_R48_BCF,Weekly Lower 48 States Natural Gas Working Underground Storage (Billion Cubic Feet)
2020-12-11,3726,BCF,NW2_EPG0_SWO_R48_BCF,Weekly Lower 48 States Natural Gas Working Underground Storage (Billion Cubic Feet)
2020-12-18,3574,BCF,NW2_EPG0_SWO_R48_BCF,Weekly Lower 48 States Natural Gas Working Underground Storage (Billion Cubic Feet)
2020-12-25,3460,BCF,NW2_EPG0_SWO_R48_BCF,Weekly Lower 48 States Natural Gas Working Underground Storage (Billion Cubic Feet)
2021-01-01,3330,BCF,NW2_EPG0_SWO_R48_BCF,Weekly Lower 48 States Natural Gas Working Underground Storage (Billion Cubic Feet)
2021-01-08,3196,BCF,NW2_EPG0_SWO_R48_BCF,Weekly Lower 48 States Natural Gas Working Underground Storage (Billion Cubic Feet)
2021-01-15,3009,BCF,NW2_EPG0_SWO_R48_BCF,Weekly Lower 48 States Natural Gas Working Underground Storage (Billion Cubic Feet)
2021-01-22,2881,BCF,NW2_EPG0_SWO_R48_BCF,Weekly Lower 48 States Natural Gas Working Underground Storage (Billion Cubic Feet)
2021-01-29,2689,BCF,NW2_EPG0_SWO_R48_BCF,Weekly Lower 48 States Natural Gas Working Underground Storage (Billion Cubic Feet)
2021-02-05,2518,BCF,NW2_EPG0_SWO_R48_BCF,Weekly Lower 48 States Natural Gas Working Underground Storage (Billion Cubic Feet)
2021-02-12,2281,BCF,NW2_EPG0_SWO_R48_BCF,Weekly Lower 48 States Natural Gas Working Underground Storage (Billion Cubic Feet)
2021-02-19,1943,BCF,NW2_EPG0_SWO_R48_BCF,Weekly Lower 48 States Natural Gas Working Underground Storage (Billion Cubic Feet)
2021-02-26,1845,BCF,NW2_EPG0_SWO_R48_BCF,Weekly Lower 48 States Natural Gas Working Underground Storage (Billion Cubic Feet)
2021-03-05,1793,BCF,NW2_EPG0_SWO_R48_BCF,Weekly Lower 48 States Natural Gas Working Underground Storage (Billion Cubic Feet)
2021-03-12,1782,BCF,NW2_EPG0_SWO_R48_BCF,Weekly Lower 48 States Natural Gas Working Underground Storage (Billion Cubic Feet)
2021-03-19,1750,BCF,NW2_EPG0_SWO_R48_BCF,Weekly Lower 48 States Natural Gas Working Underground Storage (Billion Cubic Feet)
2021-03-26,1764,BCF,NW2_EPG0_SWO_R48_BCF,Weekly Lower 48 States Natural Gas Working Underground Storage (Billion Cubic Feet)
2021-04-02,1784,BCF,NW2_EPG0_SWO_R48_BCF,Weekly Lower 48 States Natural Gas Working Underground Storage (Billion Cubic Feet)
2021-04-09,1845,BCF,NW2_EPG0_SWO_R48_BCF,Weekly Lower 48 States Natural Gas Working Underground Storage (Billion Cubic Feet)
2021-04-16,1883,BCF,NW2_EPG0_SWO_R48_BCF,Weekly Lower 48 States Natural Gas Working Underground Storage (Billion Cubic Feet)
2021-04-23,1898,BCF,NW2_EPG0_SWO_R48_BCF,Weekly Lower 48 States Natural Gas Working Underground Storage (Billion Cubic Feet)
2021-04-30,1958,BCF,NW2_EPG0_SWO_R48_BCF,Weekly Lower 48 States Natural Gas Working Underground Storage (Billion Cubic Feet)
2021-05-07,2029,BCF,NW2_EPG0_SWO_R48_BCF,Weekly Lower 48 States Natural Gas Working Underground Storage (Billion Cubic Feet)
2021-05-14,2100,BCF,NW2_EPG0_SWO_R48_BCF,Weekly Lower 48 States Natural Gas Working Underground Storage (Billion Cubic Feet)
2021-05-21,2215,BCF,NW2_EPG0_SWO_R48_BCF,Weekly Lower 48 States Natural Gas Working Underground Storage (Billion Cubic Feet)
2021-05-28,2313,BCF,NW2_EPG0_SWO_R48_BCF,Weekly Lower 48 States Natural Gas Working Underground Storage (Billion Cubic Feet)
2021-06-04,2411,BCF,NW2_EPG0_SWO_R48_BCF,Weekly Lower 48 States Natural Gas Working Underground Storage (Billion Cubic Feet)
2021-06-11,2427,BCF,NW2_EPG0_SWO_R48_BCF,Weekly Lower 48 States Natural Gas Working Underground Storage (Billion Cubic Feet)
2021-06-18,2482,BCF,NW2_EPG0_SWO_R48_BCF,Weekly Lower 48 States Natural Gas Working Underground Storage (Billion Cubic Feet)
2021-06-25,2558,BCF,NW2_EPG0_SWO_R48_BCF,Weekly Lower 48 States Natural Gas Working Underground Storage (Billion Cubic Feet)
2021-07-02,2574,BCF,NW2_EPG0_SWO_R48_BCF,Weekly Lower 48 States Natural Gas Working Underground Storage (Billion Cubic Feet)
2021-07-09,2629,BCF,NW2_EPG0_SWO_R48_BCF,Weekly Lower 48 States Natural Gas Working Underground Storage (Billion Cubic Feet)
2021-07-16,2678,BCF,NW2_EPG0_SWO_R48_BCF,Weekly Lower 48 States Natural Gas Working Underground Storage (Billion Cubic Feet)
2021-07-23,2714,BCF,NW2_EPG0_SWO_R48_BCF,Weekly Lower 48 States Natural Gas Working Underground Storage (Billion Cubic Feet)
2021-07-30,2727,BCF,NW2_EPG0_SWO_R48_BCF,Weekly Lower 48 States Natural Gas Working Underground Storage (Billion Cubic Feet)
2021-08-06,2776,BCF,NW2_EPG0_SWO_R48_BCF,Weekly Lower 48 States Natural Gas Working Underground Storage (Billion Cubic Feet)
2021-08-13,2822,BCF,NW2_EPG0_SWO_R48_BCF,Weekly Lower 48 States Natural Gas Working Underground Storage (Billion Cubic Feet)
2021-08-20,2851,BCF,NW2_EPG0_SWO_R48_BCF,Weekly Lower 48 States Natural Gas Working Underground Storage (Billion Cubic Feet)
2021-08-27,2871,BCF,NW2_EPG0_SWO_R48_BCF,Weekly Lower 48 States Natural Gas Working Underground Storage (Billion Cubic Feet)
2021-09-03,2923,BCF,NW2_EPG0_SWO_R48_BCF,Weekly Lower 48 States Natural Gas Working Underground Storage (Billion Cubic Feet)
2021-09-10,3006,BCF,NW2_EPG0_SWO_R48_BCF,Weekly Lower 48 States Natural Gas Working Underground Storage (Billion Cubic Feet)
2021-09-17,3082,BCF,NW2_EPG0_SWO_R48_BCF,Weekly Lower 48 States Natural Gas Working Underground Storage (Billion Cubic Feet)
2021-09-24,3170,BCF,NW2_EPG0_SWO_R48_BCF,Weekly Lower 48 States Natural Gas Working Underground Storage (Billion Cubic Feet)
2021-10-01,3288,BCF,NW2_EPG0_SWO_R48_BCF,Weekly Lower 48 States Natural Gas Working Underground Storage (Billion Cubic Feet)
2021-10-08,3369,BCF,NW2_EPG0_SWO_R48_BCF,Weekly Lower 48 States Natural Gas Working Underground Storage (Billion Cubic Feet)
2021-10-15,3461,BCF,NW2_EPG0_SWO_R48_BCF,Weekly Lower 48 States Natural Gas Working Underground Storage (Billion Cubic Feet)
2021-10-22,3548,BCF,NW2_EPG0_SWO_R48_BCF,Weekly Lower 48 States Natural Gas Working Underground Storage (Billion Cubic Feet)
2021-10-29,3611,BCF,NW2_EPG0_SWO_R48_BCF,Weekly Lower 48 States Natural Gas Working Underground Storage (Billion Cubic Feet)
2021-11-05,3618,BCF,NW2_EPG0_SWO_R48_BCF,Weekly Lower 48 States Natural Gas Working Underground Storage (Billion Cubic Feet)
2021-11-12,3644,BCF,NW2_EPG0_SWO_R48_BCF,Weekly Lower 48 States Natural Gas Working Underground Storage (Billion Cubic Feet)
2021-11-19,3623,BCF,NW2_EPG0_SWO_R48_BCF,Weekly Lower 48 States Natural Gas Working Underground Storage (Billion Cubic Feet)
2021-11-26,3564,BCF,NW2_EPG0_SWO_R48_BCF,Weekly Lower 48 States Natural Gas Working Underground Storage (Billion Cubic Feet)
2021-12-03,3505,BCF,NW2_EPG0_SWO_R48_BCF,Weekly Lower 48 States Natural Gas Working Underground Storage (Billion Cubic Feet)
2021-12-10,3417,BCF,NW2_EPG0_SWO_R48_BCF,Weekly Lower 48 States Natural Gas Working Underground Storage (Billion Cubic Feet)
2021-12-17,3362,BCF,NW2_EPG0_SWO_R48_BCF,Weekly Lower 48 States Natural Gas Working Underground Storage (Billion Cubic Feet)
2021-12-24,3226,BCF,NW2_EPG0_SWO_R48_BCF,Weekly Lower 48 States Natural Gas Working Underground Storage (Billion Cubic Feet)
2021-12-31,3195,BCF,NW2_EPG0_SWO_R48_BCF,Weekly Lower 48 States Natural Gas Working Underground Storage (Billion Cubic Feet)
2022-01-07,3016,BCF,NW2_EPG0_SWO_R48_BCF,Weekly Lower 48 States Natural Gas Working Underground Storage (Billion Cubic Feet)
2022-01-14,2810,BCF,NW2_EPG0_SWO_R48_BCF,Weekly Lower 48 States Natural Gas Working Underground Storage (Billion Cubic Feet)
2022-01-21,2591,BCF,NW2_EPG0_SWO_R48_BCF,Weekly Lower 48 States Natural Gas Working Underground Storage (Billion Cubic Feet)
2022-01-28,2323,BCF,NW2_EPG0_SWO_R48_BCF,Weekly Lower 48 States Natural Gas Working Underground Storage (Billion Cubic Feet)
2022-02-04,2101,BCF,NW2_EPG0_SWO_R48_BCF,Weekly Lower 48 States Natural Gas Working Underground Storage (Billion Cubic Feet)
2022-02-11,1911,BCF,NW2_EPG0_SWO_R48_BCF,Weekly Lower 48 States Natural Gas Working Underground Storage (Billion Cubic Feet)
2022-02-18,1782,BCF,NW2_EPG0_SWO_R48_BCF,Weekly Lower 48 States Natural Gas Working Underground Storage (Billion Cubic Feet)
2022-02-25,1643,BCF,NW2_EPG0_SWO_R48_BCF,Weekly Lower 48 States Natural Gas Working Underground Storage (Billion Cubic Feet)
2022-03-04,1519,BCF,NW2_EPG0_SWO_R48_BCF,Weekly Lower 48 States Natural Gas Working Underground Storage (Billion Cubic Feet)
2022-03-11,1440,BCF,NW2_EPG0_SWO_R48_BCF,Weekly Lower 48 States Natural Gas Working Underground Storage (Billion Cubic Feet)
2022-03-18,1389,BCF,NW2_EPG0_SWO_R48_BCF,Weekly Lower 48 States Natural Gas Working Underground Storage (Billion Cubic Feet)
2022-03-25,1415,BCF,NW2_EPG0_SWO_R48_BCF,Weekly Lower 48 States Natural Gas Working Underground Storage (Billion Cubic Feet)
2022-04-01,1382,BCF,NW2_EPG0_SWO_R48_BCF,Weekly Lower 48 States Natural Gas Working Underground Storage (Billion Cubic Feet)
2022-04-08,1397,BCF,NW2_EPG0_SWO_R48_BCF,Weekly Lower 48 States Natural Gas Working Underground Storage (Billion Cubic Feet)
2022-04-15,1450,BCF,NW2_EPG0_SWO_R48_BCF,Weekly Lower 48 States Natural Gas Working Underground Storage (Billion Cubic Feet)
2022-04-22,1490,BCF,NW2_EPG0_SWO_R48_BCF,Weekly Lower 48 States Natural Gas Working Underground Storage (Billion Cubic Feet)
2022-04-29,1567,BCF,NW2_EPG0_SWO_R48_BCF,Weekly Lower 48 States Natural Gas Working Underground Storage (Billion Cubic Feet)
2022-05-06,1643,BCF,NW2_EPG0_SWO_R48_BCF,Weekly Lower 48 States Natural Gas Working Underground Storage (Billion Cubic Feet)
2022-05-13,1732,BCF,NW2_EPG0_SWO_R48_BCF,Weekly Lower 48 States Natural Gas Working Underground Storage (Billion Cubic Feet)
2022-05-20,1819,BCF,NW2_EPG0_SWO_R48_BCF,Weekly Lower 48 States Natural Gas Working Underground Storage (Billion Cubic Feet)
2022-05-27,1901,BCF,NW2_EPG0_SWO_R48_BCF,Weekly Lower 48 States Natural Gas Working Underground Storage (Billion Cubic Feet)
2022-06-03,2003,BCF,NW2_EPG0_SWO_R48_BCF,Weekly Lower 48 States Natural Gas Working Underground Storage (Billion Cubic Feet)
2022-06-10,2095,BCF,NW2_EPG0_SWO_R48_BCF,Weekly Lower 48 States Natural Gas Working Underground Storage (Billion Cubic Feet)
2022-06-17,2169,BCF,NW2_EPG0_SWO_R48_BCF,Weekly Lower 48 States Natural Gas Working Underground Storage (Billion Cubic Feet)
2022-06-24,2251,BCF,NW2_EPG0_SWO_R48_BCF,Weekly Lower 48 States Natural Gas Working Underground Storage (Billion Cubic Feet)
2022-07-01,2311,BCF,NW2_EPG0_SWO_R48_BCF,Weekly Lower 48 States Natural Gas Working Underground Storage (Billion Cubic Feet)
2022-07-08,2369,BCF,NW2_EPG0_SWO_R48_BCF,Weekly Lower 48 States Natural Gas Working Underground Storage (Billion Cubic Feet)
2022-07-15,2401,BCF,NW2_EPG0_SWO_R48_BCF,Weekly Lower 48 States Natural Gas Working Underground Storage (Billion Cubic Feet)
2022-07-22,2416,BCF,NW2_EPG0_SWO_R48_BCF,Weekly Lower 48 States Natural Gas Working Underground Storage (Billion Cubic Feet)
2022-07-29,2457,BCF,NW2_EPG0_SWO_R48_BCF,Weekly Lower 48 States Natural Gas Working Underground Storage (Billion Cubic Feet)
2022-08-05,2501,BCF,NW2_EPG0_SWO_R48_BCF,Weekly Lower 48 States Natural Gas Working Underground Storage (Billion Cubic Feet)
2022-08-12,2519,BCF,NW2_EPG0_SWO_R48_BCF,Weekly Lower 48 States Natural Gas Working Underground Storage (Billion Cubic Feet)
2022-08-19,2579,BCF,NW2_EPG0_SWO_R48_BCF,Weekly Lower 48 States Natural Gas Working Underground Storage (Billion Cubic Feet)
2022-08-26,2640,BCF,NW2_EPG0_SWO_R48_BCF,Weekly Lower 48 States Natural Gas Working Underground Storage (Billion Cubic Feet)
2022-09-02,2694,BCF,NW2_EPG0_SWO_R48_BCF,Weekly Lower 48 States Natural Gas Working Underground Storage (Billion Cubic Feet)
2022-09-09,2771,BCF,NW2_EPG0_SWO_R48_BCF,Weekly Lower 48 States Natural Gas Working Underground Storage (Billion Cubic Feet)
2022-09-16,2874,BCF,NW2_EPG0_SWO_R48_BCF,Weekly Lower 48 States Natural Gas Working Underground Storage (Billion Cubic Feet)
2022-09-23,2977,BCF,NW2_EPG0_SWO_R48_BCF,Weekly Lower 48 States Natural Gas Working Underground Storage (Billion Cubic Feet)
2022-09-30,3106,BCF,NW2_EPG0_SWO_R48_BCF,Weekly Lower 48 States Natural Gas Working Underground Storage (Billion Cubic Feet)
2022-10-07,3231,BCF,NW2_EPG0_SWO_R48_BCF,Weekly Lower 48 States Natural Gas Working Underground Storage (Billion Cubic Feet)
2022-10-14,3342,BCF,NW2_EPG0_SWO_R48_BCF,Weekly Lower 48 States Natural Gas Working Underground Storage (Billion Cubic Feet)
2022-10-21,3394,BCF,NW2_EPG0_SWO_R48_BCF,Weekly Lower 48 States Natural Gas Working Underground Storage (Billion Cubic Feet)
2022-10-28,3501,BCF,NW2_EPG0_SWO_R48_BCF,Weekly Lower 48 States Natural Gas Working Underground Storage (Billion Cubic Feet)
2022-11-04,3580,BCF,NW2_EPG0_SWO_R48_BCF,Weekly Lower 48 States Natural Gas Working Underground Storage (Billion Cubic Feet)
2022-11-11,3644,BCF,NW2_EPG0_SWO_R48_BCF,Weekly Lower 48 States Natural Gas Working Underground Storage (Billion Cubic Feet)
2022-11-18,3564,BCF,NW2_EPG0_SWO_R48_BCF,Weekly Lower 48 States Natural Gas Working Underground Storage (Billion Cubic Feet)
2022-11-25,3483,BCF,NW2_EPG0_SWO_R48_BCF,Weekly Lower 48 States Natural Gas Working Underground Storage (Billion Cubic Feet)
2022-12-02,3462,BCF,NW2_EPG0_SWO_R48_BCF,Weekly Lower 48 States Natural Gas Working Underground Storage (Billion Cubic Feet)
2022-12-09,3412,BCF,NW2_EPG0_SWO_R48_BCF,Weekly Lower 48 States Natural Gas Working Underground Storage (Billion Cubic Feet)
2022-12-16,3325,BCF,NW2_EPG0_SWO_R48_BCF,Weekly Lower 48 States Natural Gas Working Underground Storage (Billion Cubic Feet)
2022-12-23,3112,BCF,NW2_EPG0_SWO_R48_BCF,Weekly Lower 48 States Natural Gas Working Underground Storage (Billion Cubic Feet)
2022-12-30,2891,BCF,NW2_EPG0_SWO_R48_BCF,Weekly Lower 48 States Natural Gas Working Underground Storage (Billion Cubic Feet)
2023-01-06,2902,BCF,NW2_EPG0_SWO_R48_BCF,Weekly Lower 48 States Natural Gas Working Underground Storage (Billion Cubic Feet)
2023-01-13,2820,BCF,NW2_EPG0_SWO_R48_BCF,Weekly Lower 48 States Natural Gas Working Underground Storage (Billion Cubic Feet)
2023-01-20,2734,BCF,NW2_EPG0_SWO_R48_BCF,Weekly Lower 48 States Natural Gas Working Underground Storage (Billion Cubic Feet)
2023-01-27,2583,BCF,NW2_EPG0_SWO_R48_BCF,Weekly Lower 48 States Natural Gas Working Underground Storage (Billion Cubic Feet)
2023-02-03,2366,BCF,NW2_EPG0_SWO_R48_BCF,Weekly Lower 48 States Natural Gas Working Underground Storage (Billion Cubic Feet)
2023-02-10,2266,BCF,NW2_EPG0_SWO_R48_BCF,Weekly Lower 48 States Natural Gas Working Underground Storage (Billion Cubic Feet)
2023-02-17,2195,BCF,NW2_EPG0_SWO_R48_BCF,Weekly Lower 48 States Natural Gas Working Underground Storage (Billion Cubic Feet)
2023-02-24,2114,BCF,NW2_EPG0_SWO_R48_BCF,Weekly Lower 48 States Natural Gas Working Underground Storage (Billion Cubic Feet)
2023-03-03,2030,BCF,NW2_EPG0_SWO_R48_BCF,Weekly Lower 48 States Natural Gas Working Underground Storage (Billion Cubic Feet)
2023-03-10,1972,BCF,NW2_EPG0_SWO_R48_BCF,Weekly Lower 48 States Natural Gas Working Underground Storage (Billion Cubic Feet)
2023-03-17,1900,BCF,NW2_EPG0_SWO_R48_BCF,Weekly Lower 48 States Natural Gas Working Underground Storage (Billion Cubic Feet)
2023-03-24,1853,BCF,NW2_EPG0_SWO_R48_BCF,Weekly Lower 48 States Natural Gas Working Underground Storage (Billion Cubic Feet)
2023-03-31,1830,BCF,NW2_EPG0_SWO_R48_BCF,Weekly Lower 48 States Natural Gas Working Underground Storage (Billion Cubic Feet)
2023-04-07,1855,BCF,NW2_EPG0_SWO_R48_BCF,Weekly Lower 48 States Natural Gas Working Underground Storage (Billion Cubic Feet)
2023-04-14,1930,BCF,NW2_EPG0_SWO_R48_BCF,Weekly Lower 48 States Natural Gas Working Underground Storage (Billion Cubic Feet)
2023-04-21,2009,BCF,NW2_EPG0_SWO_R48_BCF,Weekly Lower 48 States Natural Gas Working Underground Storage (Billion Cubic Feet)
2023-04-28,2063,BCF,NW2_EPG0_SWO_R48_BCF,Weekly Lower 48 States Natural Gas Working Underground Storage (Billion Cubic Feet)
2023-05-05,2141,BCF,NW2_EPG0_SWO_R48_BCF,Weekly Lower 48 States Natural Gas Working Underground Storage (Billion Cubic Feet)
2023-05-12,2240,BCF,NW2_EPG0_SWO_R48_BCF,Weekly Lower 48 States Natural Gas Working Underground Storage (Billion Cubic Feet)
2023-05-19,2336,BCF,NW2_EPG0_SWO_R48_BCF,Weekly Lower 48 States Natural Gas Working Underground Storage (Billion Cubic Feet)
2023-05-26,2446,BCF,NW2_EPG0_SWO_R48_BCF,Weekly Lower 48 States Natural Gas Working Underground Storage (Billion Cubic Feet)
2023-06-02,2550,BCF,NW2_EPG0_SWO_R48_BCF,Weekly Lower 48 States Natural Gas Working Underground Storage (Billion Cubic Feet)
2023-06-09,2634,BCF,NW2_EPG0_SWO_R48_BCF,Weekly Lower 48 States Natural Gas Working Underground Storage (Billion Cubic Feet)
2023-06-16,2729,BCF,NW2_EPG0_SWO_R48_BCF,Weekly Lower 48 States Natural Gas Working Underground Storage (Billion Cubic Feet)
2023-06-23,2805,BCF,NW2_EPG0_SWO_R48_BCF,Weekly Lower 48 States Natural Gas Working Underground Storage (Billion Cubic Feet)
2023-06-30,2881,BCF,NW2_EPG0_SWO_R48_BCF,Weekly Lower 48 States Natural Gas Working Underground Storage (Billion Cubic Feet)
2023-07-07,2930,BCF,NW2_EPG0_SWO_R48_BCF,Weekly Lower 48 States Natural Gas Working Underground Storage (Billion Cubic Feet)
2023-07-14,2971,BCF,NW2_EPG0_SWO_R48_BCF,Weekly Lower 48 States Natural Gas Working Underground Storage (Billion Cubic Feet)
2023-07-21,2987,BCF,NW2_EPG0_SWO_R48_BCF,Weekly Lower 48 States Natural Gas Working Underground Storage (Billion Cubic Feet)
2023-07-28,3001,BCF,NW2_EPG0_SWO_R48_BCF,Weekly Lower 48 States Natural Gas Working Underground Storage (Billion Cubic Feet)
2023-08-04,3030,BCF,NW2_EPG0_SWO_R48_BCF,Weekly Lower 48 States Natural Gas Working Underground Storage (Billion Cubic Feet)
2023-08-11,3065,BCF,NW2_EPG0_SWO_R48_BCF,Weekly Lower 48 States Natural Gas Working Underground Storage (Billion Cubic Feet)
2023-08-18,3083,BCF,NW2_EPG0_SWO_R48_BCF,Weekly Lower 48 States Natural Gas Working Underground Storage (Billion Cubic Feet)
2023-08-25,3115,BCF,NW2_EPG0_SWO_R48_BCF,Weekly Lower 48 States Natural Gas Working Underground Storage (Billion Cubic Feet)
2023-09-01,3148,BCF,NW2_EPG0_SWO_R48_BCF,Weekly Lower 48 States Natural Gas Working Underground Storage (Billion Cubic Feet)
2023-09-08,3205,BCF,NW2_EPG0_SWO_R48_BCF,Weekly Lower 48 States Natural Gas Working Underground Storage (Billion Cubic Feet)
2023-09-15,3269,BCF,NW2_EPG0_SWO_R48_BCF,Weekly Lower 48 States Natural Gas Working Underground Storage (Billion Cubic Feet)
2023-09-22,3359,BCF,NW2_EPG0_SWO_R48_BCF,Weekly Lower 48 States Natural Gas Working Underground Storage (Billion Cubic Feet)
2023-09-29,3445,BCF,NW2_EPG0_SWO_R48_BCF,Weekly Lower 48 States Natural Gas Working Underground Storage (Billion Cubic Feet)
2023-10-06,3529,BCF,NW2_EPG0_SWO_R48_BCF,Weekly Lower 48 States Natural Gas Working Underground Storage (Billion Cubic Feet)
2023-10-13,3626,BCF,NW2_EPG0_SWO_R48_BCF,Weekly Lower 48 States Natural Gas Working Underground Storage (Billion Cubic Feet)
2023-10-20,3700,BCF,NW2_EPG0_SWO_R48_BCF,Weekly Lower 48 States Natural Gas Working Underground Storage (Billion Cubic Feet)
2023-10-27,3779,BCF,NW2_EPG0_SWO_R48_BCF,Weekly Lower 48 States Natural Gas Working Underground Storage (Billion Cubic Feet)
2023-11-03,3773,BCF,NW2_EPG0_SWO_R48_BCF,Weekly Lower 48 States Natural Gas Working Underground Storage (Billion Cubic Feet)
2023-11-10,3833,BCF,NW2_EPG0_SWO_R48_BCF,Weekly Lower 48 States Natural Gas Working Underground Storage (Billion Cubic Feet)
2023-11-17,3826,BCF,NW2_EPG0_SWO_R48_BCF,Weekly Lower 48 States Natural Gas Working Underground Storage (Billion Cubic Feet)
2023-11-24,3836,BCF,NW2_EPG0_SWO_R48_BCF,Weekly Lower 48 States Natural Gas Working Underground Storage (Billion Cubic Feet)
2023-12-01,3719,BCF,NW2_EPG0_SWO_R48_BCF,Weekly Lower 48 States Natural Gas Working Underground Storage (Billion Cubic Feet)
2023-12-08,3664,BCF,NW2_EPG0_SWO_R48_BCF,Weekly Lower 48 States Natural Gas Working Underground Storage (Billion Cubic Feet)
2023-12-15,3577,BCF,NW2_EPG0_SWO_R48_BCF,Weekly Lower 48 States Natural Gas Working Underground Storage (Billion Cubic Feet)
2023-12-22,3490,BCF,NW2_EPG0_SWO_R48_BCF,Weekly Lower 48 States Natural Gas Working Underground Storage (Billion Cubic Feet)
2023-12-29,3476,BCF,NW2_EPG0_SWO_R48_BCF,Weekly Lower 48 States Natural Gas Working Underground Storage (Billion Cubic Feet)
2024-01-05,3336,BCF,NW2_EPG0_SWO_R48_BCF,Weekly Lower 48 States Natural Gas Working Underground Storage (Billion Cubic Feet)
2024-01-12,3182,BCF,NW2_EPG0_SWO_R48_BCF,Weekly Lower 48 States Natural Gas Working Underground Storage (Billion Cubic Feet)
2024-01-19,2856,BCF,NW2_EPG0_SWO_R48_BCF,Weekly Lower 48 States Natural Gas Working Underground Storage (Billion Cubic Feet)
2024-01-26,2659,BCF,NW2_EPG0_SWO_R48_BCF,Weekly Lower 48 States Natural Gas Working Underground Storage (Billion Cubic Feet)
2024-02-02,2584,BCF,NW2_EPG0_SWO_R48_BCF,Weekly Lower 48 States Natural Gas Working Underground Storage (Billion Cubic Feet)
2024-02-09,2530,BCF,NW2_EPG0_SWO_R48_BCF,Weekly Lower 48 States Natural Gas Working Underground Storage (Billion Cubic Feet)
2024-02-16,2470,BCF,NW2_EPG0_SWO_R48_BCF,Weekly Lower 48 States Natural Gas Working Underground Storage (Billion Cubic Feet)
2024-02-23,2374,BCF,NW2_EPG0_SWO_R48_BCF,Weekly Lower 48 States Natural Gas Working Underground Storage (Billion Cubic Feet)
2024-03-01,2334,BCF,NW2_EPG0_SWO_R48_BCF,Weekly Lower 48 States Natural Gas Working Underground Storage (Billion Cubic Feet)
2024-03-08,2325,BCF,NW2_EPG0_SWO_R48_BCF,Weekly Lower 48 States Natural Gas Working Underground Storage (Billion Cubic Feet)
2024-03-15,2332,BCF,NW2_EPG0_SWO_R48_BCF,Weekly Lower 48 States Natural Gas Working Underground Storage (Billion Cubic Feet)
2024-03-22,2296,BCF,NW2_EPG0_SWO_R48_BCF,Weekly Lower 48 States Natural Gas Working Underground Storage (Billion Cubic Feet)
2024-03-29,2259,BCF,NW2_EPG0_SWO_R48_BCF,Weekly Lower 48 States Natural Gas Working Underground Storage (Billion Cubic Feet)
2024-04-05,2283,BCF,NW2_EPG0_SWO_R48_BCF,Weekly Lower 48 States Natural Gas Working Underground Storage (Billion Cubic Feet)
2024-04-12,2333,BCF,NW2_EPG0_SWO_R48_BCF,Weekly Lower 48 States Natural Gas Working Underground Storage (Billion Cubic Feet)
2024-04-19,2425,BCF,NW2_EPG0_SWO_R48_BCF,Weekly Lower 48 States Natural Gas Working Underground Storage (Billion Cubic Feet)
2024-04-26,2484,BCF,NW2_EPG0_SWO_R48_BCF,Weekly Lower 48 States Natural Gas Working Underground Storage (Billion Cubic Feet)
2024-05-03,2569,BCF,NW2_EPG0_SWO_R48_BCF,Weekly Lower 48 States Natural Gas Working Underground Storage (Billion Cubic Feet)
2024-05-10,2640,BCF,NW2_EPG0_SWO_R48_BCF,Weekly Lower 48 States Natural Gas Working Underground Storage (Billion Cubic Feet)
2024-05-17,2719,BCF,NW2_EPG0_SWO_R48_BCF,Weekly Lower 48 States Natural Gas Working Underground Storage (Billion Cubic Feet)
2024-05-24,2804,BCF,NW2_EPG0_SWO_R48_BCF,Weekly Lower 48 States Natural Gas Working Underground Storage (Billion Cubic Feet)
2024-05-31,2900,BCF,NW2_EPG0_SWO_R48_BCF,Weekly Lower 48 States Natural Gas Working Underground Storage (Billion Cubic Feet)
2024-06-07,2974,BCF,NW2_EPG0_SWO_R48_BCF,Weekly Lower 48 States Natural Gas Working Underground Storage (Billion Cubic Feet)
2024-06-14,3045,BCF,NW2_EPG0_SWO_R48_BCF,Weekly Lower 48 States Natural Gas Working Underground Storage (Billion Cubic Feet)
2024-06-21,3102,BCF,NW2_EPG0_SWO_R48_BCF,Weekly Lower 48 States Natural Gas Working Underground Storage (Billion Cubic Feet)
2024-06-28,3134,BCF,NW2_EPG0_SWO_R48_BCF,Weekly Lower 48 States Natural Gas Working Underground Storage (Billion Cubic Feet)
2024-07-05,3199,BCF,NW2_EPG0_SWO_R48_BCF,Weekly Lower 48 States Natural Gas Working Underground Storage (Billion Cubic Feet)
2024-07-12,3209,BCF,NW2_EPG0_SWO_R48_BCF,Weekly Lower 48 States Natural Gas Working Underground Storage (Billion Cubic Feet)
2024-07-19,3231,BCF,NW2_EPG0_SWO_R48_BCF,Weekly Lower 48 States Natural Gas Working Underground Storage (Billion Cubic Feet)
2024-07-26,3249,BCF,NW2_EPG0_SWO_R48_BCF,Weekly Lower 48 States Natural Gas Working Underground Storage (Billion Cubic Feet)
2024-08-02,3270,BCF,NW2_EPG0_SWO_R48_BCF,Weekly Lower 48 States Natural Gas Working Underground Storage (Billion Cubic Feet)
2024-08-09,3264,BCF,NW2_EPG0_SWO_R48_BCF,Weekly Lower 48 States Natural Gas Working Underground Storage (Billion Cubic Feet)
2024-08-16,3299,BCF,NW2_EPG0_SWO_R48_BCF,Weekly Lower 48 States Natural Gas Working Underground Storage (Billion Cubic Feet)
2024-08-23,3334,BCF,NW2_EPG0_SWO_R48_BCF,Weekly Lower 48 States Natural Gas Working Underground Storage (Billion Cubic Feet)
2024-08-30,3347,BCF,NW2_EPG0_SWO_R48_BCF,Weekly Lower 48 States Natural Gas Working Underground Storage (Billion Cubic Feet)
2024-09-06,3387,BCF,NW2_EPG0_SWO_R48_BCF,Weekly Lower 48 States Natural Gas Working Underground Storage (Billion Cubic Feet)
2024-09-13,3445,BCF,NW2_EPG0_SWO_R48_BCF,Weekly Lower 48 States Natural Gas Working Underground Storage (Billion Cubic Feet)
2024-09-20,3493,BCF,NW2_EPG0_SWO_R48_BCF,Weekly Lower 48 States Natural Gas Working Underground Storage (Billion Cubic Feet)
2024-09-27,3548,BCF,NW2_EPG0_SWO_R48_BCF,Weekly Lower 48 States Natural Gas Working Underground Storage (Billion Cubic Feet)
2024-10-04,3630,BCF,NW2_EPG0_SWO_R48_BCF,Weekly Lower 48 States Natural Gas Working Underground Storage (Billion Cubic Feet)
2024-10-11,3706,BCF,NW2_EPG0_SWO_R48_BCF,Weekly Lower 48 States Natural Gas Working Underground Storage (Billion Cubic Feet)
2024-10-18,3785,BCF,NW2_EPG0_SWO_R48_BCF,Weekly Lower 48 States Natural Gas Working Underground Storage (Billion Cubic Feet)
2024-10-25,3864,BCF,NW2_EPG0_SWO_R48_BCF,Weekly Lower 48 States Natural Gas Working Underground Storage (Billion Cubic Feet)
2024-11-01,3931,BCF,NW2_EPG0_SWO_R48_BCF,Weekly Lower 48 States Natural Gas Working Underground Storage (Billion Cubic Feet)
2024-11-08,3972,BCF,NW2_EPG0_SWO_R48_BCF,Weekly Lower 48 States Natural Gas Working Underground Storage (Billion Cubic Feet)
2024-11-15,3969,BCF,NW2_EPG0_SWO_R48_BCF,Weekly Lower 48 States Natural Gas Working Underground Storage (Billion Cubic Feet)
2024-11-22,3967,BCF,NW2_EPG0_SWO_R48_BCF,Weekly Lower 48 States Natural Gas Working Underground Storage (Billion Cubic Feet)
2024-11-29,3937,BCF,NW2_EPG0_SWO_R48_BCF,Weekly Lower 48 States Natural Gas Working Underground Storage (Billion Cubic Feet)
2024-12-06,3747,BCF,NW2_EPG0_SWO_R48_BCF,Weekly Lower 48 States Natural Gas Working Underground Storage (Billion Cubic Feet)
2024-12-13,3622,BCF,NW2_EPG0_SWO_R48_BCF,Weekly Lower 48 States Natural Gas Working Underground Storage (Billion Cubic Feet)
2024-12-20,3529,BCF,NW2_EPG0_SWO_R48_BCF,Weekly Lower 48 States Natural Gas Working Underground Storage (Billion Cubic Feet)
2024-12-27,3413,BCF,NW2_EPG0_SWO_R48_BCF,Weekly Lower 48 States Natural Gas Working Underground Storage (Billion Cubic Feet)
2025-01-03,3373,BCF,NW2_EPG0_SWO_R48_BCF,Weekly Lower 48 States Natural Gas Working Underground Storage (Billion Cubic Feet)
2025-01-10,3115,BCF,NW2_EPG0_SWO_R48_BCF,Weekly Lower 48 States Natural Gas Working Underground Storage (Billion Cubic Feet)
2025-01-17,2892,BCF,NW2_EPG0_SWO_R48_BCF,Weekly Lower 48 States Natural Gas Working Underground Storage (Billion Cubic Feet)
2025-01-24,2571,BCF,NW2_EPG0_SWO_R48_BCF,Weekly Lower 48 States Natural Gas Working Underground Storage (Billion Cubic Feet)
2025-01-31,2397,BCF,NW2_EPG0_SWO_R48_BCF,Weekly Lower 48 States Natural Gas Working Underground Storage (Billion Cubic Feet)
2025-02-07,2297,BCF,NW2_EPG0_SWO_R48_BCF,Weekly Lower 48 States Natural Gas Working Underground Storage (Billion Cubic Feet)
2025-02-14,2101,BCF,NW2_EPG0_SWO_R48_BCF,Weekly Lower 48 States Natural Gas Working Underground Storage (Billion Cubic Feet)
2025-02-21,1840,BCF,NW2_EPG0_SWO_R48_BCF,Weekly Lower 48 States Natural Gas Working Underground Storage (Billion Cubic Feet)
2025-02-28,1760,BCF,NW2_EPG0_SWO_R48_BCF,Weekly Lower 48 States Natural Gas Working Underground Storage (Billion Cubic Feet)
2025-03-07,1698,BCF,NW2_EPG0_SWO_R48_BCF,Weekly Lower 48 States Natural Gas Working Underground Storage (Billion Cubic Feet)
2025-03-14,1707,BCF,NW2_EPG0_SWO_R48_BCF,Weekly Lower 48 States Natural Gas Working Underground Storage (Billion Cubic Feet)
2025-03-21,1744,BCF,NW2_EPG0_SWO_R48_BCF,Weekly Lower 48 States Natural Gas Working Underground Storage (Billion Cubic Feet)
2025-03-28,1773,BCF,NW2_EPG0_SWO_R48_BCF,Weekly Lower 48 States Natural Gas Working Underground Storage (Billion Cubic Feet)
2025-04-04,1830,BCF,NW2_EPG0_SWO_R48_BCF,Weekly Lower 48 States Natural Gas Working Underground Storage (Billion Cubic Feet)
2025-04-11,1846,BCF,NW2_EPG0_SWO_R48_BCF,Weekly Lower 48 States Natural Gas Working Underground Storage (Billion Cubic Feet)
2025-04-18,1934,BCF,NW2_EPG0_SWO_R48_BCF,Weekly Lower 48 States Natural Gas Working Underground Storage (Billion Cubic Feet)
2025-04-25,2041,BCF,NW2_EPG0_SWO_R48_BCF,Weekly Lower 48 States Natural Gas Working Underground Storage (Billion Cubic Feet)
2025-05-02,2145,BCF,NW2_EPG0_SWO_R48_BCF,Weekly Lower 48 States Natural Gas Working Underground Storage (Billion Cubic Feet)
2025-05-09,2255,BCF,NW2_EPG0_SWO_R48_BCF,Weekly Lower 48 States Natural Gas Working Underground Storage (Billion Cubic Feet)
2025-05-16,2375,BCF,NW2_EPG0_SWO_R48_BCF,Weekly Lower 48 States Natural Gas Working Underground Storage (Billion Cubic Feet)
2025-05-23,2476,BCF,NW2_EPG0_SWO_R48_BCF,Weekly Lower 48 States Natural Gas Working Underground Storage (Billion Cubic Feet)
2025-05-30,2598,BCF,NW2_EPG0_SWO_R48_BCF,Weekly Lower 48 States Natural Gas Working Underground Storage (Billion Cubic Feet)
2025-06-06,2707,BCF,NW2_EPG0_SWO_R48_BCF,Weekly Lower 48 States Natural Gas Working Underground Storage (Billion Cubic Feet)
2025-06-13,2802,BCF,NW2_EPG0_SWO_R48_BCF,Weekly Lower 48 States Natural Gas Working Underground Storage (Billion Cubic Feet)
2025-06-20,2898,BCF,NW2_EPG0_SWO_R48_BCF,Weekly Lower 48 States Natural Gas Working Underground Storage (Billion Cubic Feet)
2025-06-27,2953,BCF,NW2_EPG0_SWO_R48_BCF,Weekly Lower 48 States Natural Gas Working Underground Storage (Billion Cubic Feet)
2025-07-04,3006,BCF,NW2_EPG0_SWO_R48_BCF,Weekly Lower 48 States Natural Gas Working Underground Storage (Billion Cubic Feet)
2025-07-11,3052,BCF,NW2_EPG0_SWO_R48_BCF,Weekly Lower 48 States Natural Gas Working Underground Storage (Billion Cubic Feet)
2025-07-18,3075,BCF,NW2_EPG0_SWO_R48_BCF,Weekly Lower 48 States Natural Gas Working Underground Storage (Billion Cubic Feet)
2025-07-25,3123,BCF,NW2_EPG0_SWO_R48_BCF,Weekly Lower 48 States Natural Gas Working Underground Storage (Billion Cubic Feet)
2025-08-01,3130,BCF,NW2_EPG0_SWO_R48_BCF,Weekly Lower 48 States Natural Gas Working Underground Storage (Billion Cubic Feet)
2025-08-08,3186,BCF,NW2_EPG0_SWO_R48_BCF,Weekly Lower 48 States Natural Gas Working Underground Storage (Billion Cubic Feet)
2025-08-15,3199,BCF,NW2_EPG0_SWO_R48_BCF,Weekly Lower 48 States Natural Gas Working Underground Storage (Billion Cubic Feet)
2025-08-22,3217,BCF,NW2_EPG0_SWO_R48_BCF,Weekly Lower 48 States Natural Gas Working Underground Storage (Billion Cubic Feet)
2025-08-29,3272,BCF,NW2_EPG0_SWO_R48_BCF,Weekly Lower 48 States Natural Gas Working Underground Storage (Billion Cubic Feet)
2025-09-05,3343,BCF,NW2_EPG0_SWO_R48_BCF,Weekly Lower 48 States Natural Gas Working Underground Storage (Billion Cubic Feet)
2025-09-12,3433,BCF,NW2_EPG0_SWO_R48_BCF,Weekly Lower 48 States Natural Gas Working Underground Storage (Billion Cubic Feet)
2025-09-19,3508,BCF,NW2_EPG0_SWO_R48_BCF,Weekly Lower 48 States Natural Gas Working Underground Storage (Billion Cubic Feet)
2025-09-26,3561,BCF,NW2_EPG0_SWO_R48_BCF,Weekly Lower 48 States Natural Gas Working Underground Storage (Billion Cubic Feet)
2025-10-03,3641,BCF,NW2_EPG0_SWO_R48_BCF,Weekly Lower 48 States Natural Gas Working Underground Storage (Billion Cubic Feet)
2025-10-10,3721,BCF,NW2_EPG0_SWO_R48_BCF,Weekly Lower 48 States Natural Gas Working Underground Storage (Billion Cubic Feet)
2025-10-17,3808,BCF,NW2_EPG0_SWO_R48_BCF,Weekly Lower 48 States Natural Gas Working Underground Storage (Billion Cubic Feet)
2025-10-24,3882,BCF,NW2_EPG0_SWO_R48_BCF,Weekly Lower 48 States Natural Gas Working Underground Storage (Billion Cubic Feet)
2025-10-31,3915,BCF,NW2_EPG0_SWO_R48_BCF,Weekly Lower 48 States Natural Gas Working Underground Storage (Billion Cubic Feet)
2025-11-07,3960,BCF,NW2_EPG0_SWO_R48_BCF,Weekly Lower 48 States Natural Gas Working Underground Storage (Billion Cubic Feet)
2025-11-14,3946,BCF,NW2_EPG0_SWO_R48_BCF,Weekly Lower 48 States Natural Gas Working Underground Storage (Billion Cubic Feet)
2025-11-21,3935,BCF,NW2_EPG0_SWO_R48_BCF,Weekly Lower 48 States Natural Gas Working Underground Storage (Billion Cubic Feet)
2025-11-28,3923,BCF,NW2_EPG0_SWO_R48_BCF,Weekly Lower 48 States Natural Gas Working Underground Storage (Billion Cubic Feet)
2025-12-05,3746,BCF,NW2_EPG0_SWO_R48_BCF,Weekly Lower 48 States Natural Gas Working Underground Storage (Billion Cubic Feet)
2025-12-12,3579,BCF,NW2_EPG0_SWO_R48_BCF,Weekly Lower 48 States Natural Gas Working Underground Storage (Billion Cubic Feet)
2025-12-19,3413,BCF,NW2_EPG0_SWO_R48_BCF,Weekly Lower 48 States Natural Gas Working Underground Storage (Billion Cubic Feet)
2025-12-26,3375,BCF,NW2_EPG0_SWO_R48_BCF,Weekly Lower 48 States Natural Gas Working Underground Storage (Billion Cubic Feet)
2026-01-02,3256,BCF,NW2_EPG0_SWO_R48_BCF,Weekly Lower 48 States Natural Gas Working Underground Storage (Billion Cubic Feet)
2026-01-09,3185,BCF,NW2_EPG0_SWO_R48_BCF,Weekly Lower 48 States Natural Gas Working Underground Storage (Billion Cubic Feet)
2026-01-16,3065,BCF,NW2_EPG0_SWO_R48_BCF,Weekly Lower 48 States Natural Gas Working Underground Storage (Billion Cubic Feet)
2026-01-23,2823,BCF,NW2_EPG0_SWO_R48_BCF,Weekly Lower 48 States Natural Gas Working Underground Storage (Billion Cubic Feet)
2026-01-30,2463,BCF,NW2_EPG0_SWO_R48_BCF,Weekly Lower 48 States Natural Gas Working Underground Storage (Billion Cubic Feet)
2026-02-06,2214,BCF,NW2_EPG0_SWO_R48_BCF,Weekly Lower 48 States Natural Gas Working Underground Storage (Billion Cubic Feet)
2026-02-13,2070,BCF,NW2_EPG0_SWO_R48_BCF,Weekly Lower 48 States Natural Gas Working Underground Storage (Billion Cubic Feet)
2026-02-20,2018,BCF,NW2_EPG0_SWO_R48_BCF,Weekly Lower 48 States Natural Gas Working Underground Storage (Billion Cubic Feet)
2026-02-27,1886,BCF,NW2_EPG0_SWO_R48_BCF,Weekly Lower 48 States Natural Gas Working Underground Storage (Billion Cubic Feet)
2026-03-06,1848,BCF,NW2_EPG0_SWO_R48_BCF,Weekly Lower 48 States Natural Gas Working Underground Storage (Billion Cubic Feet)
2026-03-13,1883,BCF,NW2_EPG0_SWO_R48_BCF,Weekly Lower 48 States Natural Gas Working Underground Storage (Billion Cubic Feet)
2026-03-20,1829,BCF,NW2_EPG0_SWO_R48_BCF,Weekly Lower 48 States Natural Gas Working Underground Storage (Billion Cubic Feet)
2026-03-27,1865,BCF,NW2_EPG0_SWO_R48_BCF,Weekly Lower 48 States Natural Gas Working Underground Storage (Billion Cubic Feet)
